iteration,meta_loss,mean_reward
1,-0.06473027169704437,3.0444444444444443
2,-0.15484246611595154,3.8000000000000003
3,-0.19476333260536194,4.2444444444444445
4,-0.20850205421447754,3.6666666666666665
5,-0.41378891468048096,2.8444444444444446
6,-0.22307494282722473,6.511111111111111
7,-0.008389994502067566,9.533333333333333
8,-0.1806172877550125,8.11111111111111
9,-0.17585420608520508,6.800000000000001
10,-0.3184923529624939,7.844444444444444
11,-0.06845705956220627,10.022222222222222
12,-0.4678497314453125,8.066666666666666
13,-0.09847597777843475,9.0
14,0.09481416642665863,6.800000000000001
15,-0.2136463075876236,10.68888888888889
16,0.19786909222602844,9.444444444444445
17,-0.27969256043434143,9.555555555555555
18,-0.43429073691368103,9.622222222222222
19,-0.1496516913175583,9.622222222222222
20,-0.4170610308647156,7.7333333333333325
21,-0.08503109216690063,10.288888888888888
22,-0.1725551187992096,11.222222222222221
23,0.15898475050926208,12.022222222222222
24,-0.15955236554145813,10.444444444444445
25,-0.013519026339054108,9.555555555555555
26,0.09526552259922028,10.844444444444443
27,-0.48167964816093445,10.0
28,-0.20725946128368378,9.555555555555555
29,0.18295472860336304,11.555555555555555
30,0.0516500249505043,12.11111111111111
31,-0.3610765039920807,10.555555555555555
32,-0.006551425904035568,12.11111111111111
33,-0.20694833993911743,10.844444444444443
34,0.11825248599052429,11.066666666666666
35,0.009090520441532135,10.11111111111111
36,-0.49343669414520264,9.444444444444445
37,-0.17159642279148102,11.222222222222221
38,0.05895160883665085,11.222222222222221
39,-0.15243825316429138,11.88888888888889
40,-0.05380783975124359,9.555555555555555
41,-0.4174431562423706,8.88888888888889
42,0.052842989563941956,11.666666666666666
43,0.0926843211054802,11.666666666666666
44,0.06371289491653442,11.0
45,-0.0065795257687568665,9.333333333333334
46,-0.1945670247077942,10.333333333333334
47,0.0057397279888391495,10.0
48,-0.000631578266620636,11.88888888888889
49,-0.43905341625213623,10.444444444444445
50,-0.12323865294456482,11.0
