episode,total_reward,interventions,correct_calls,missed_frauds,false_alarms,precision,missed
1,-26.0,15,0,0,4,0.0,0
2,-26.0,15,0,0,4,0.0,0
3,-26.0,15,0,0,4,0.0,0
4,-26.0,15,0,0,4,0.0,0
5,-26.0,15,0,0,4,0.0,0
6,-26.0,15,0,0,4,0.0,0
7,-26.0,15,0,0,4,0.0,0
8,-22.0,15,1,0,3,0.0666666666666666,0
9,-26.0,15,0,0,4,0.0,0
10,-26.0,15,0,0,4,0.0,0
11,-26.0,15,0,0,4,0.0,0
12,-26.0,15,0,0,4,0.0,0
13,-26.0,15,0,0,4,0.0,0
14,-26.0,15,0,0,4,0.0,0
15,-26.0,15,0,0,4,0.0,0
16,-26.0,15,0,0,4,0.0,0
17,-26.0,15,0,0,4,0.0,0
18,-26.0,15,0,0,4,0.0,0
19,-26.0,15,0,0,4,0.0,0
20,-26.0,15,0,0,4,0.0,0
21,-26.0,15,0,0,4,0.0,0
22,-26.0,15,0,0,4,0.0,0
23,-26.0,15,0,0,4,0.0,0
24,-26.0,15,0,0,4,0.0,0
25,-26.0,15,0,0,4,0.0,0
26,-26.0,15,0,0,4,0.0,0
27,-26.0,15,0,0,4,0.0,0
28,-26.0,15,0,0,4,0.0,0
29,-26.0,15,0,0,4,0.0,0
30,-26.0,15,0,0,4,0.0,0
31,-26.0,15,0,0,4,0.0,0
32,-26.0,15,0,0,4,0.0,0
33,-26.0,15,0,0,4,0.0,0
34,-26.0,15,0,0,4,0.0,0
35,-26.0,15,0,0,4,0.0,0
36,-26.0,15,0,0,4,0.0,0
37,-23.0,15,1,0,3,0.0666666666666666,0
38,-26.0,15,0,0,4,0.0,0
39,-26.0,15,0,0,4,0.0,0
40,-26.0,15,0,0,4,0.0,0
41,-26.0,15,0,0,4,0.0,0
42,-26.0,15,0,0,4,0.0,0
43,-26.0,15,0,0,4,0.0,0
44,-26.0,15,0,0,4,0.0,0
45,-26.0,15,0,0,4,0.0,0
46,-26.0,15,0,0,4,0.0,0
47,-26.0,15,0,0,4,0.0,0
48,-23.0,15,1,0,3,0.0666666666666666,0
49,-23.0,15,1,0,3,0.0666666666666666,0
50,-26.0,15,0,0,4,0.0,0
51,-26.0,15,0,0,4,0.0,0
52,-26.0,15,0,0,4,0.0,0
53,-26.0,15,0,0,4,0.0,0
54,-26.0,15,0,0,4,0.0,0
55,-26.0,15,0,0,4,0.0,0
56,-26.0,15,0,0,4,0.0,0
57,-26.0,15,0,0,4,0.0,0
58,-26.0,15,0,0,4,0.0,0
59,-26.0,15,0,0,4,0.0,0
60,-26.0,15,0,0,4,0.0,0
61,-26.0,15,0,0,4,0.0,0
62,-26.0,15,0,0,4,0.0,0
63,-26.0,15,0,0,4,0.0,0
64,-26.0,15,0,0,4,0.0,0
65,-26.0,15,0,0,4,0.0,0
66,-26.0,15,0,0,4,0.0,0
67,-26.0,15,0,0,4,0.0,0
68,-26.0,15,0,0,4,0.0,0
69,-26.0,15,0,0,4,0.0,0
70,-26.0,15,0,0,4,0.0,0
71,-26.0,15,0,0,4,0.0,0
72,-26.0,15,0,0,4,0.0,0
73,-26.0,15,0,0,4,0.0,0
74,-26.0,15,0,0,4,0.0,0
75,-26.0,15,0,0,4,0.0,0
76,-26.0,15,0,0,4,0.0,0
77,-26.0,15,0,0,4,0.0,0
78,-26.0,15,0,0,4,0.0,0
79,-26.0,15,0,0,4,0.0,0
80,-26.0,15,0,0,4,0.0,0
81,-26.0,15,0,0,4,0.0,0
82,-26.0,15,0,0,4,0.0,0
83,-26.0,15,0,0,4,0.0,0
84,-26.0,15,0,0,4,0.0,0
85,-26.0,15,0,0,4,0.0,0
86,-26.0,15,0,0,4,0.0,0
87,-26.0,15,0,0,4,0.0,0
88,-26.0,15,0,0,4,0.0,0
89,-26.0,15,0,0,4,0.0,0
90,-26.0,15,0,0,4,0.0,0
91,-26.0,15,0,0,4,0.0,0
92,-26.0,15,0,0,4,0.0,0
93,-26.0,15,0,0,4,0.0,0
94,-26.0,15,0,0,4,0.0,0
95,-26.0,15,0,0,4,0.0,0
96,-26.0,15,0,0,4,0.0,0
97,-26.0,15,0,0,4,0.0,0
98,-26.0,15,0,0,4,0.0,0
99,-26.0,15,0,0,4,0.0,0
100,-26.0,15,0,0,4,0.0,0
101,-26.0,15,0,0,4,0.0,0
102,-26.0,15,0,0,4,0.0,0
103,-26.0,15,0,0,4,0.0,0
104,-26.0,15,0,0,4,0.0,0
105,-26.0,15,0,0,4,0.0,0
106,-26.0,15,0,0,4,0.0,0
107,-26.0,15,0,0,4,0.0,0
108,-26.0,15,0,0,4,0.0,0
109,-26.0,15,0,0,4,0.0,0
110,-26.0,15,0,0,4,0.0,0
111,-26.0,15,0,0,4,0.0,0
112,-26.0,15,0,0,4,0.0,0
113,-26.0,15,0,0,4,0.0,0
114,-26.0,15,0,0,4,0.0,0
115,-26.0,15,0,0,4,0.0,0
116,-26.0,15,0,0,4,0.0,0
117,-26.0,15,0,0,4,0.0,0
118,-26.0,15,0,0,4,0.0,0
119,-26.0,15,0,0,4,0.0,0
120,-26.0,15,0,0,4,0.0,0
121,-26.0,15,0,0,4,0.0,0
122,-26.0,15,0,0,4,0.0,0
123,-26.0,15,0,0,4,0.0,0
124,-26.0,15,0,0,4,0.0,0
125,-26.0,15,0,0,4,0.0,0
126,-26.0,15,0,0,4,0.0,0
127,-26.0,15,0,0,4,0.0,0
128,-26.0,15,0,0,4,0.0,0
129,-26.0,15,0,0,4,0.0,0
130,-26.0,15,0,0,4,0.0,0
131,-26.0,15,0,0,4,0.0,0
132,-26.0,15,0,0,4,0.0,0
133,-26.0,15,0,0,4,0.0,0
134,-26.0,15,0,0,4,0.0,0
135,-26.0,15,0,0,4,0.0,0
136,-26.0,15,0,0,4,0.0,0
137,-26.0,15,0,0,4,0.0,0
138,-26.0,15,0,0,4,0.0,0
139,-26.0,15,0,0,4,0.0,0
140,-26.0,15,0,0,4,0.0,0
141,-26.0,15,0,0,4,0.0,0
142,-26.0,15,0,0,4,0.0,0
143,-26.0,15,0,0,4,0.0,0
144,-26.0,15,0,0,4,0.0,0
145,-26.0,15,0,0,4,0.0,0
146,-26.0,15,0,0,4,0.0,0
147,-26.0,15,0,0,4,0.0,0
148,-26.0,15,0,0,4,0.0,0
149,-26.0,15,0,0,4,0.0,0
150,-26.0,15,0,0,4,0.0,0
151,-26.0,15,0,0,4,0.0,0
152,-26.0,15,0,0,4,0.0,0
153,-26.0,15,0,0,4,0.0,0
154,-26.0,15,0,0,4,0.0,0
155,-26.0,15,0,0,4,0.0,0
156,-26.0,15,0,0,4,0.0,0
157,-26.0,15,0,0,4,0.0,0
158,-26.0,15,0,0,4,0.0,0
159,-26.0,15,0,0,4,0.0,0
160,-26.0,15,0,0,4,0.0,0
161,-26.0,15,0,0,4,0.0,0
162,-26.0,15,0,0,4,0.0,0
163,-26.0,15,0,0,4,0.0,0
164,-26.0,15,0,0,4,0.0,0
165,-26.0,15,0,0,4,0.0,0
166,-26.0,15,0,0,4,0.0,0
167,-26.0,15,0,0,4,0.0,0
168,-26.0,15,0,0,4,0.0,0
169,-26.0,15,0,0,4,0.0,0
170,-26.0,15,0,0,4,0.0,0
171,-26.0,15,0,0,4,0.0,0
172,-26.0,15,0,0,4,0.0,0
173,-26.0,15,0,0,4,0.0,0
174,-26.0,15,0,0,4,0.0,0
175,-26.0,15,0,0,4,0.0,0
176,-26.0,15,0,0,4,0.0,0
177,-26.0,15,0,0,4,0.0,0
178,-26.0,15,0,0,4,0.0,0
179,-26.0,15,0,0,4,0.0,0
180,-26.0,15,0,0,4,0.0,0
181,-26.0,15,0,0,4,0.0,0
182,-26.0,15,0,0,4,0.0,0
183,-26.0,15,0,0,4,0.0,0
184,-26.0,15,0,0,4,0.0,0
185,-26.0,15,0,0,4,0.0,0
186,-26.0,15,0,0,4,0.0,0
187,-26.0,15,0,0,4,0.0,0
188,-26.0,15,0,0,4,0.0,0
189,-26.0,15,0,0,4,0.0,0
190,-23.0,15,1,0,3,0.0666666666666666,0
191,-26.0,15,0,0,4,0.0,0
192,-26.0,15,0,0,4,0.0,0
193,-26.0,15,0,0,4,0.0,0
194,-26.0,15,0,0,4,0.0,0
195,-26.0,15,0,0,4,0.0,0
196,-26.0,15,0,0,4,0.0,0
197,-26.0,15,0,0,4,0.0,0
198,-26.0,15,0,0,4,0.0,0
199,-26.0,15,0,0,4,0.0,0
200,-26.0,15,0,0,4,0.0,0
