episode,total_reward,interventions,correct,missed,false_alarms,precision
1,-15.0,15,3,0,1,0.2
2,-18.0,15,2,0,2,0.13333333333333333
3,-18.0,15,2,0,2,0.13333333333333333
4,-19.0,15,2,0,2,0.13333333333333333
5,-19.0,15,2,0,2,0.13333333333333333
6,-22.0,15,1,0,3,0.06666666666666667
7,-18.0,15,2,0,2,0.13333333333333333
8,-18.0,15,2,0,2,0.13333333333333333
9,-18.0,15,2,0,2,0.13333333333333333
10,-14.0,15,3,0,1,0.2
11,-18.0,15,2,0,2,0.13333333333333333
12,-14.0,15,3,0,1,0.2
13,-14.0,15,3,0,1,0.2
14,-14.0,15,3,0,1,0.2
15,-14.0,15,3,0,1,0.2
16,-15.0,15,3,0,1,0.2
17,-22.0,15,1,0,3,0.06666666666666667
18,-23.0,15,1,0,3,0.06666666666666667
19,-18.0,15,2,0,2,0.13333333333333333
20,-10.0,15,4,0,0,0.26666666666666666
21,-18.0,15,2,0,2,0.13333333333333333
22,-15.0,15,3,0,1,0.2
23,-18.0,15,2,0,2,0.13333333333333333
24,-19.0,15,2,0,2,0.13333333333333333
25,-18.0,15,2,0,2,0.13333333333333333
26,-19.0,15,2,0,2,0.13333333333333333
27,-18.0,15,2,0,2,0.13333333333333333
28,-14.0,15,3,0,1,0.2
29,-14.0,15,3,0,1,0.2
30,-18.0,15,2,0,2,0.13333333333333333
31,-22.0,15,1,0,3,0.06666666666666667
32,-14.0,15,3,0,1,0.2
33,-18.0,15,2,0,2,0.13333333333333333
34,-10.0,15,4,0,0,0.26666666666666666
35,-14.0,15,3,0,1,0.2
36,-14.0,15,3,0,1,0.2
37,-18.0,15,2,0,2,0.13333333333333333
38,-15.0,15,3,0,1,0.2
39,-18.0,15,2,0,2,0.13333333333333333
40,-23.0,15,1,0,3,0.06666666666666667
41,-15.0,15,3,0,1,0.2
42,-22.0,15,1,0,3,0.06666666666666667
43,-18.0,15,2,0,2,0.13333333333333333
44,-22.0,15,1,0,3,0.06666666666666667
45,-22.0,15,1,0,3,0.06666666666666667
46,-14.0,15,3,0,1,0.2
47,-22.0,15,1,0,3,0.06666666666666667
48,-22.0,15,1,0,3,0.06666666666666667
49,-22.0,15,1,0,3,0.06666666666666667
50,-18.0,15,2,0,2,0.13333333333333333
51,-22.0,15,1,0,3,0.06666666666666667
52,-22.0,15,1,0,3,0.06666666666666667
53,-18.0,15,2,0,2,0.13333333333333333
54,-18.0,15,2,0,2,0.13333333333333333
55,-12.0,15,4,0,0,0.26666666666666666
56,-10.0,15,4,0,0,0.26666666666666666
57,-22.0,15,1,0,3,0.06666666666666667
58,-18.0,15,2,0,2,0.13333333333333333
59,-14.0,15,3,0,1,0.2
60,-14.0,15,3,0,1,0.2
61,-10.0,15,4,0,0,0.26666666666666666
62,-26.0,15,0,0,4,0.0
63,-19.0,15,2,0,2,0.13333333333333333
64,-18.0,15,2,0,2,0.13333333333333333
65,-18.0,15,2,0,2,0.13333333333333333
66,-22.0,15,1,0,3,0.06666666666666667
67,-14.0,15,3,0,1,0.2
68,-15.0,15,3,0,1,0.2
69,-22.0,15,1,0,3,0.06666666666666667
70,-19.0,15,2,0,2,0.13333333333333333
71,-18.0,15,2,0,2,0.13333333333333333
72,-26.0,15,0,0,4,0.0
73,-22.0,15,1,0,3,0.06666666666666667
74,-23.0,15,1,0,3,0.06666666666666667
75,-22.0,15,1,0,3,0.06666666666666667
76,-26.0,15,0,0,4,0.0
77,-22.0,15,1,0,3,0.06666666666666667
78,-15.0,15,3,0,1,0.2
79,-22.0,15,1,0,3,0.06666666666666667
80,-16.0,15,3,0,1,0.2
81,-22.0,15,1,0,3,0.06666666666666667
82,-26.0,15,0,0,4,0.0
83,-19.0,15,2,0,2,0.13333333333333333
84,-18.0,15,2,0,2,0.13333333333333333
85,-18.0,15,2,0,2,0.13333333333333333
86,-14.0,15,3,0,1,0.2
87,-15.0,15,3,0,1,0.2
88,-14.0,15,3,0,1,0.2
89,-26.0,15,0,0,4,0.0
90,-14.0,15,3,0,1,0.2
91,-19.0,15,2,0,2,0.13333333333333333
92,-15.0,15,3,0,1,0.2
93,-22.0,15,1,0,3,0.06666666666666667
94,-19.0,15,2,0,2,0.13333333333333333
95,-18.0,15,2,0,2,0.13333333333333333
96,-19.0,15,2,0,2,0.13333333333333333
97,-18.0,15,2,0,2,0.13333333333333333
98,-18.0,15,2,0,2,0.13333333333333333
99,-18.0,15,2,0,2,0.13333333333333333
100,-14.0,15,3,0,1,0.2
101,-22.0,15,1,0,3,0.06666666666666667
102,-15.0,15,3,0,1,0.2
103,-11.0,15,4,0,0,0.26666666666666666
104,-15.0,15,3,0,1,0.2
105,-22.0,15,1,0,3,0.06666666666666667
106,-18.0,15,2,0,2,0.13333333333333333
107,-26.0,15,0,0,4,0.0
108,-15.0,15,3,0,1,0.2
109,-14.0,15,3,0,1,0.2
110,-19.0,15,2,0,2,0.13333333333333333
111,-18.0,15,2,0,2,0.13333333333333333
112,-22.0,15,1,0,3,0.06666666666666667
113,-18.0,15,2,0,2,0.13333333333333333
114,-10.0,15,4,0,0,0.26666666666666666
115,-18.0,15,2,0,2,0.13333333333333333
116,-18.0,15,2,0,2,0.13333333333333333
117,-18.0,15,2,0,2,0.13333333333333333
118,-10.0,15,4,0,0,0.26666666666666666
119,-18.0,15,2,0,2,0.13333333333333333
120,-18.0,15,2,0,2,0.13333333333333333
121,-14.0,15,3,0,1,0.2
122,-22.0,15,1,0,3,0.06666666666666667
123,-22.0,15,1,0,3,0.06666666666666667
124,-16.0,15,3,0,1,0.2
125,-14.0,15,3,0,1,0.2
126,-16.0,15,3,0,1,0.2
127,-18.0,15,2,0,2,0.13333333333333333
128,-18.0,15,2,0,2,0.13333333333333333
129,-22.0,15,1,0,3,0.06666666666666667
130,-18.0,15,2,0,2,0.13333333333333333
131,-18.0,15,2,0,2,0.13333333333333333
132,-22.0,15,1,0,3,0.06666666666666667
133,-18.0,15,2,0,2,0.13333333333333333
134,-15.0,15,3,0,1,0.2
135,-18.0,15,2,0,2,0.13333333333333333
136,-10.0,15,4,0,0,0.26666666666666666
137,-18.0,15,2,0,2,0.13333333333333333
138,-22.0,15,1,0,3,0.06666666666666667
139,-22.0,15,1,0,3,0.06666666666666667
140,-14.0,15,3,0,1,0.2
141,-22.0,15,1,0,3,0.06666666666666667
142,-22.0,15,1,0,3,0.06666666666666667
143,-23.0,15,1,0,3,0.06666666666666667
144,-22.0,15,1,0,3,0.06666666666666667
145,-18.0,15,2,0,2,0.13333333333333333
146,-15.0,15,3,0,1,0.2
147,-14.0,15,3,0,1,0.2
148,-18.0,15,2,0,2,0.13333333333333333
149,-15.0,15,3,0,1,0.2
150,-19.0,15,2,0,2,0.13333333333333333
