attack,epsilon,mean_reward,robustness
gaussian_noise,0.05,18.580000000000002,1.0
gaussian_noise,0.1,18.200000000000003,1.0
gaussian_noise,0.2,17.624000000000002,0.9848010728654448
gaussian_noise,0.3,17.160000000000004,0.9588734912829684
masking,0.05,18.588000000000005,1.0
masking,0.1,18.796000000000003,1.0
masking,0.2,17.308,0.9671434957532409
masking,0.3,16.472,0.9204291461779169
amplification,0.05,18.244,1.0
amplification,0.1,18.384,1.0
amplification,0.2,18.792,1.0
amplification,0.3,18.680000000000003,1.0
targeted,0.05,18.624000000000002,1.0
targeted,0.1,18.916,1.0
targeted,0.2,18.004,1.0
targeted,0.3,16.88,0.9432275368797496
