iteration,mean_reward,min_reward,max_reward,stage
1,2.5903614457831323,-9.4,14.6,0
2,5.746,-9.0,14.0,0
3,8.02,-3.0,14.0,0
4,9.36,-3.0,15.0,0
5,10.519999999999998,3.0,14.6,0
6,11.502,3.0,16.0,0
7,12.244000000000002,8.0,16.6,0
8,12.681999999999999,8.0,17.0,0
9,13.381999999999998,8.0,17.0,0
10,13.531999999999998,10.0,18.0,0
11,14.063999999999997,10.0,18.0,0
12,14.123999999999997,8.2,18.0,0
13,14.183999999999996,10.0,18.0,0
14,14.191999999999998,10.0,18.0,0
15,14.249999999999995,10.0,18.0,0
16,14.447999999999997,10.6,18.0,0
17,14.457999999999997,9.2,18.0,0
18,14.147999999999994,10.0,18.0,0
19,14.367999999999997,8.0,18.0,0
20,14.363999999999997,10.0,18.0,0
21,14.359999999999996,10.0,18.0,0
22,14.389999999999997,8.0,18.0,0
23,14.301999999999998,10.0,18.0,0
24,14.693999999999999,10.0,18.0,0
25,14.17,9.2,18.0,0
26,14.407999999999998,9.2,18.0,0
27,14.583999999999996,9.6,18.0,0
28,14.603999999999996,9.6,18.0,0
29,14.511999999999999,9.6,18.0,0
30,14.101999999999999,10.0,17.0,0
31,14.391999999999998,9.6,18.0,0
32,14.437999999999997,10.0,18.0,0
33,14.483999999999998,10.6,18.0,0
34,14.707999999999997,10.0,18.0,0
35,14.487999999999998,10.0,18.0,0
36,14.643999999999998,10.0,18.0,0
37,14.499999999999998,8.0,18.0,0
38,14.23,8.0,18.0,0
39,14.331999999999999,10.0,18.0,0
40,14.291999999999998,10.0,18.0,0
41,14.501999999999999,10.0,18.0,0
42,14.508,10.0,18.0,0
43,14.639999999999995,10.0,18.0,0
44,14.755999999999997,10.0,18.0,0
45,14.663999999999998,10.0,18.0,0
46,14.691999999999998,10.0,18.0,0
47,14.629999999999997,10.0,18.0,0
48,14.825999999999997,11.0,18.0,0
49,14.711999999999996,10.6,18.0,0
50,14.333999999999996,9.2,18.0,0
51,14.531999999999996,10.0,18.0,0
52,14.549999999999995,10.6,18.0,0
53,14.583999999999998,10.0,18.0,0
54,14.627999999999997,10.0,18.0,0
55,14.733999999999996,10.0,18.0,0
56,14.837999999999997,10.0,18.0,0
57,14.239999999999998,7.6,18.0,0
58,14.555999999999997,10.0,18.0,0
59,14.641999999999998,10.0,18.0,0
60,14.729999999999997,10.0,18.0,0
