iteration,mean_reward,min_reward,max_reward,stage,difficulty
1,-3.848,-14.0,4.0,1,easy
2,-0.096,-8.0,8.0,1,easy
3,3.264,-5.0,8.0,1,easy
4,4.872,-5.0,8.0,1,easy
5,5.696,-2.0,8.0,1,easy
6,6.592,1.0,8.0,1,easy
7,7.04,4.0,8.0,1,easy
8,7.328,-2.0,8.0,1,easy
9,7.504,4.0,8.0,1,easy
10,7.744,4.0,8.0,1,easy
11,7.888,6.0,8.0,1,easy
12,7.856,6.0,8.0,1,easy
13,8.0,8.0,8.0,1,easy
14,8.0,8.0,8.0,1,easy
15,7.984,6.0,8.0,1,easy
16,8.0,8.0,8.0,2,easy
17,7.984,6.0,8.0,2,easy
18,7.984,6.0,8.0,2,easy
19,8.0,8.0,8.0,2,easy
20,8.0,8.0,8.0,2,medium
21,11.32,8.0,12.0,2,medium
22,11.57,3.0,14.0,2,easy
23,8.016,8.0,10.0,2,easy
24,8.0,8.0,8.0,2,easy
25,8.0,8.0,8.0,2,medium
26,11.24,8.0,12.0,2,medium
27,11.88,8.0,14.0,2,easy
28,8.0,8.0,8.0,2,easy
29,8.0,8.0,8.0,2,medium
30,11.32,8.0,12.0,2,medium
31,3.4139999999999997,-12.0,13.0,3,medium
32,5.877999999999999,-12.0,15.0,3,hard
33,1.6459999999999997,-36.8,20.0,3,hard
34,3.5100000000000007,-36.8,20.0,3,hard
35,4.678,-14.8,18.0,3,hard
36,4.9479999999999995,-12.6,20.0,3,medium
37,10.196,-12.6,19.0,3,hard
38,8.056,-13.6,20.0,3,medium
39,10.55,-13.6,17.0,3,medium
40,12.682,8.0,18.0,3,hard
41,10.106000000000002,-9.8,21.0,3,hard
42,9.12,-12.6,19.0,3,medium
43,12.842,-8.2,18.0,3,hard
44,11.874,-12.6,22.0,3,medium
45,13.231999999999998,-12.6,20.0,3,medium
46,14.284,8.0,18.0,4,hard
47,11.37,-12.6,22.0,4,hard
48,10.963999999999999,-12.6,21.0,4,easy
49,8.072,8.0,17.0,4,medium
50,13.094,7.6,18.0,4,easy
51,8.04,8.0,13.0,4,hard
52,9.984000000000002,-12.6,22.0,4,easy
53,8.0,8.0,8.0,4,easy
54,8.0,8.0,8.0,4,hard
55,10.913999999999998,-12.6,22.0,4,medium
56,13.265999999999995,-12.6,21.0,4,hard
57,13.051999999999998,-12.6,23.0,4,medium
58,12.995999999999999,-0.40000000000000036,21.0,4,hard
59,12.85,-11.0,21.0,4,medium
60,13.671999999999999,-8.0,21.0,4,hard
