iteration,mean_reward,min_reward,max_reward
1,-0.2711111111111112,-16.4,13.0
2,4.298,-10.0,14.0
3,6.744,-2.4,15.0
4,8.758000000000001,-2.0,18.0
5,10.437999999999999,1.0,18.0
6,10.956,4.0,21.0
7,12.02,3.5999999999999996,21.0
8,12.689999999999998,6.0,22.0
9,12.618,4.0,22.0
10,14.473999999999998,6.0,25.0
11,13.073999999999998,6.0,23.0
12,14.126,6.0,24.0
13,13.78,6.0,23.6
14,13.607999999999997,8.0,24.0
15,13.479999999999997,8.0,23.0
16,13.907999999999998,8.0,23.0
17,13.454,8.0,22.6
18,12.946,6.0,22.6
19,13.319999999999999,6.800000000000001,23.0
20,13.863999999999999,8.0,21.6
21,13.159999999999998,8.0,23.6
22,13.439999999999998,6.0,22.2
23,13.515999999999998,8.0,23.0
24,13.225999999999999,6.0,23.0
25,14.001999999999999,8.0,22.6
26,14.179999999999998,8.0,23.6
27,14.483999999999998,6.0,23.0
28,13.795999999999998,8.0,23.0
29,12.667999999999997,4.6,22.6
30,13.037999999999997,4.6,22.6
